INSERT INTO car (id, license_plate, make, model, production_year) VALUES (1, '8LM1548', 'BMW', 'Model X', 2021);
INSERT INTO car (id, license_plate, make, model, production_year) VALUES (2, 'YKM-789', 'BMW', '3 Series', 2021);
INSERT INTO car (id, license_plate, make, model, production_year) VALUES (3, 'YOP 818', 'Ford', '3 Series', 2022);
INSERT INTO car (id, license_plate, make, model, production_year) VALUES (4, '408-JVV', 'Tesla', 'F-150', 2016);
INSERT INTO car (id, license_plate, make, model, production_year) VALUES (5, 'G 468249', 'Tesla', 'Model X', 2003);
INSERT INTO car (id, license_plate, make, model, production_year) VALUES (6, 'OFA1170', 'Honda', 'Cruze', 2005);
INSERT INTO car (id, license_plate, make, model, production_year) VALUES (7, '5DNH585', 'Tesla', 'Model X', 2011);
INSERT INTO car (id, license_plate, make, model, production_year) VALUES (8, 'ZK0 H2R', 'Honda', 'Corolla', 2014);
INSERT INTO car (id, license_plate, make, model, production_year) VALUES (9, '831 XEY', 'Tesla', 'Model X', 2020);
INSERT INTO car (id, license_plate, make, model, production_year) VALUES (10, 'IPS-5225', 'Honda', 'F-150', 2021);
INSERT INTO car (id, license_plate, make, model, production_year) VALUES (11, '1-A0781', 'Toyota', '3 Series', 2019);
INSERT INTO car (id, license_plate, make, model, production_year) VALUES (12, 'P73 2XB', 'Honda', 'F-150', 2013);
INSERT INTO car (id, license_plate, make, model, production_year) VALUES (13, 'Q 769211', 'Chevrolet', 'Corolla', 2021);
INSERT INTO car (id, license_plate, make, model, production_year) VALUES (14, 'RJ-3255', 'BMW', 'Model X', 2016);
INSERT INTO car (id, license_plate, make, model, production_year) VALUES (15, '434 IHN', 'BMW', '3 Series', 2007);
INSERT INTO car (id, license_plate, make, model, production_year) VALUES (16, 'MHG 928', 'BMW', 'Corolla', 2015);
INSERT INTO car (id, license_plate, make, model, production_year) VALUES (17, 'LSF 307', 'Ford', '3 Series', 2003);
INSERT INTO car (id, license_plate, make, model, production_year) VALUES (18, 'C29 2BB', 'Ford', '3 Series', 2001);
INSERT INTO car (id, license_plate, make, model, production_year) VALUES (19, '552 OFV', 'Tesla', 'F-150', 2014);
INSERT INTO car (id, license_plate, make, model, production_year) VALUES (20, '299-IBM', 'Ford', 'F-150', 2005);
INSERT INTO garage (id, capacity, city, location, name) VALUES (1, 10, 'Meyerview', '965 Julie Inlet Suite 884
Ericburgh, AK 08373', 'Butler PLC Garage');
INSERT INTO garage (id, capacity, city, location, name) VALUES (2, 15, 'West Patty', '900 Steven Common Suite 570
East Betty, LA 25744', 'Jones, Fisher and King Garage');
INSERT INTO garage (id, capacity, city, location, name) VALUES (3, 5, 'Englishstad', '5705 Ashley Junctions
South Emilychester, CT 12015', 'Cooley PLC Garage');
INSERT INTO garage (id, capacity, city, location, name) VALUES (4, 17, 'North Brendaville', '08821 Tanya Springs Suite 251
West Chelsealand, WY 55736', 'Torres-Humphrey Garage');
INSERT INTO garage (id, capacity, city, location, name) VALUES (5, 11, 'Reedchester', '6005 Vanessa Trail Suite 568
East Candiceland, IA 71992', 'Marsh, Harmon and Mason Garage');
INSERT INTO garage (id, capacity, city, location, name) VALUES (6, 20, 'West Ronald', '83274 Brown Creek Suite 801
East Stevenmouth, OR 84658', 'Hopkins, Ruiz and Hamilton Garage');
INSERT INTO garage (id, capacity, city, location, name) VALUES (7, 15, 'Chadchester', '527 Tammy Prairie
Romanville, MN 93966', 'Schmidt, Bradford and Wilson Garage');
INSERT INTO garage (id, capacity, city, location, name) VALUES (8, 11, 'West Elizabethfort', '417 Weber Prairie Apt. 333
South Ronaldborough, HI 88945', 'Kim-Howell Garage');
INSERT INTO garage (id, capacity, city, location, name) VALUES (9, 14, 'Poncemouth', '097 Darren Manor Suite 132
Lake Sarah, TX 76199', 'Holt-Perez Garage');
INSERT INTO garage (id, capacity, city, location, name) VALUES (10, 10, 'East Timothyhaven', '0228 Megan Ridges Suite 696
New Kyletown, WA 80498', 'Norman, Chandler and Walsh Garage');
INSERT INTO garages_cars (garage_id, car_id) VALUES (8, 20);
INSERT INTO garages_cars (garage_id, car_id) VALUES (10, 5);
INSERT INTO garages_cars (garage_id, car_id) VALUES (7, 8);
INSERT INTO garages_cars (garage_id, car_id) VALUES (3, 4);
INSERT INTO garages_cars (garage_id, car_id) VALUES (10, 2);
INSERT INTO garages_cars (garage_id, car_id) VALUES (1, 2);
INSERT INTO garages_cars (garage_id, car_id) VALUES (3, 15);
INSERT INTO garages_cars (garage_id, car_id) VALUES (4, 16);
INSERT INTO garages_cars (garage_id, car_id) VALUES (5, 18);
INSERT INTO garages_cars (garage_id, car_id) VALUES (1, 8);
INSERT INTO garages_cars (garage_id, car_id) VALUES (9, 13);
INSERT INTO garages_cars (garage_id, car_id) VALUES (9, 10);
INSERT INTO garages_cars (garage_id, car_id) VALUES (9, 5);
INSERT INTO garages_cars (garage_id, car_id) VALUES (6, 1);
INSERT INTO garages_cars (garage_id, car_id) VALUES (1, 1);
INSERT INTO garages_cars (garage_id, car_id) VALUES (7, 6);
INSERT INTO garages_cars (garage_id, car_id) VALUES (10, 18);
INSERT INTO garages_cars (garage_id, car_id) VALUES (5, 4);
INSERT INTO garages_cars (garage_id, car_id) VALUES (4, 6);
INSERT INTO garages_cars (garage_id, car_id) VALUES (5, 17);
INSERT INTO garages_cars (garage_id, car_id) VALUES (6, 9);
INSERT INTO garages_cars (garage_id, car_id) VALUES (5, 1);
INSERT INTO garages_cars (garage_id, car_id) VALUES (10, 14);
INSERT INTO garages_cars (garage_id, car_id) VALUES (2, 16);
INSERT INTO garages_cars (garage_id, car_id) VALUES (7, 14);
INSERT INTO garages_cars (garage_id, car_id) VALUES (3, 3);
INSERT INTO garages_cars (garage_id, car_id) VALUES (5, 5);
INSERT INTO garages_cars (garage_id, car_id) VALUES (1, 17);
INSERT INTO garages_cars (garage_id, car_id) VALUES (4, 14);
INSERT INTO garages_cars (garage_id, car_id) VALUES (3, 13);
INSERT INTO garages_cars (garage_id, car_id) VALUES (7, 5);
INSERT INTO garages_cars (garage_id, car_id) VALUES (5, 3);
INSERT INTO garages_cars (garage_id, car_id) VALUES (1, 15);
INSERT INTO maintenance (id, scheduled_date, service_type, car_id, garage_id) VALUES (1, '2025-04-23', 'Oil Change', 8, 3);
INSERT INTO maintenance (id, scheduled_date, service_type, car_id, garage_id) VALUES (2, '2025-10-25', 'Tire Rotation', 2, 8);
INSERT INTO maintenance (id, scheduled_date, service_type, car_id, garage_id) VALUES (3, '2025-03-03', 'Brake Inspection', 11, 5);
INSERT INTO maintenance (id, scheduled_date, service_type, car_id, garage_id) VALUES (4, '2024-04-08', 'Engine Tune-Up', 19, 8);
INSERT INTO maintenance (id, scheduled_date, service_type, car_id, garage_id) VALUES (5, '2025-12-26', 'Tire Rotation', 16, 1);
INSERT INTO maintenance (id, scheduled_date, service_type, car_id, garage_id) VALUES (6, '2024-10-12', 'Oil Change', 3, 5);
INSERT INTO maintenance (id, scheduled_date, service_type, car_id, garage_id) VALUES (7, '2025-03-05', 'Engine Tune-Up', 1, 4);
INSERT INTO maintenance (id, scheduled_date, service_type, car_id, garage_id) VALUES (8, '2024-07-08', 'Tire Rotation', 2, 7);
INSERT INTO maintenance (id, scheduled_date, service_type, car_id, garage_id) VALUES (9, '2024-11-03', 'Tire Rotation', 8, 3);
INSERT INTO maintenance (id, scheduled_date, service_type, car_id, garage_id) VALUES (10, '2025-06-06', 'Brake Inspection', 6, 5);
INSERT INTO maintenance (id, scheduled_date, service_type, car_id, garage_id) VALUES (11, '2025-09-11', 'Tire Rotation', 14, 2);
INSERT INTO maintenance (id, scheduled_date, service_type, car_id, garage_id) VALUES (12, '2025-10-01', 'Engine Tune-Up', 9, 10);
INSERT INTO maintenance (id, scheduled_date, service_type, car_id, garage_id) VALUES (13, '2025-12-05', 'Oil Change', 1, 1);
INSERT INTO maintenance (id, scheduled_date, service_type, car_id, garage_id) VALUES (14, '2025-05-15', 'Tire Rotation', 13, 7);
INSERT INTO maintenance (id, scheduled_date, service_type, car_id, garage_id) VALUES (15, '2024-12-08', 'Oil Change', 12, 9);
INSERT INTO maintenance (id, scheduled_date, service_type, car_id, garage_id) VALUES (16, '2025-09-24', 'Oil Change', 9, 9);
INSERT INTO maintenance (id, scheduled_date, service_type, car_id, garage_id) VALUES (17, '2025-03-24', 'Brake Inspection', 13, 4);
INSERT INTO maintenance (id, scheduled_date, service_type, car_id, garage_id) VALUES (18, '2024-08-05', 'Tire Rotation', 12, 6);
INSERT INTO maintenance (id, scheduled_date, service_type, car_id, garage_id) VALUES (19, '2024-01-04', 'Tire Rotation', 11, 3);
INSERT INTO maintenance (id, scheduled_date, service_type, car_id, garage_id) VALUES (20, '2024-10-12', 'Tire Rotation', 19, 5);
INSERT INTO maintenance (id, scheduled_date, service_type, car_id, garage_id) VALUES (21, '2025-01-03', 'Tire Rotation', 17, 3);
INSERT INTO maintenance (id, scheduled_date, service_type, car_id, garage_id) VALUES (22, '2024-03-31', 'Oil Change', 1, 9);
INSERT INTO maintenance (id, scheduled_date, service_type, car_id, garage_id) VALUES (23, '2024-09-30', 'Oil Change', 2, 5);
INSERT INTO maintenance (id, scheduled_date, service_type, car_id, garage_id) VALUES (24, '2025-09-08', 'Brake Inspection', 5, 3);
INSERT INTO maintenance (id, scheduled_date, service_type, car_id, garage_id) VALUES (25, '2025-06-10', 'Brake Inspection', 10, 5);
INSERT INTO maintenance (id, scheduled_date, service_type, car_id, garage_id) VALUES (26, '2024-05-01', 'Oil Change', 17, 7);
INSERT INTO maintenance (id, scheduled_date, service_type, car_id, garage_id) VALUES (27, '2025-07-06', 'Brake Inspection', 18, 6);
INSERT INTO maintenance (id, scheduled_date, service_type, car_id, garage_id) VALUES (28, '2024-01-06', 'Tire Rotation', 13, 5);
INSERT INTO maintenance (id, scheduled_date, service_type, car_id, garage_id) VALUES (29, '2024-10-22', 'Oil Change', 5, 9);
INSERT INTO maintenance (id, scheduled_date, service_type, car_id, garage_id) VALUES (30, '2025-09-13', 'Oil Change', 15, 9);
INSERT INTO maintenance (id, scheduled_date, service_type, car_id, garage_id) VALUES (31, '2024-06-09', 'Brake Inspection', 3, 1);
INSERT INTO maintenance (id, scheduled_date, service_type, car_id, garage_id) VALUES (32, '2025-04-08', 'Oil Change', 10, 8);
INSERT INTO maintenance (id, scheduled_date, service_type, car_id, garage_id) VALUES (33, '2025-12-12', 'Oil Change', 20, 5);
INSERT INTO maintenance (id, scheduled_date, service_type, car_id, garage_id) VALUES (34, '2025-08-13', 'Oil Change', 6, 5);
INSERT INTO maintenance (id, scheduled_date, service_type, car_id, garage_id) VALUES (35, '2025-09-23', 'Oil Change', 11, 8);
INSERT INTO maintenance (id, scheduled_date, service_type, car_id, garage_id) VALUES (36, '2025-11-28', 'Tire Rotation', 15, 6);
INSERT INTO maintenance (id, scheduled_date, service_type, car_id, garage_id) VALUES (37, '2025-11-28', 'Tire Rotation', 11, 2);
INSERT INTO maintenance (id, scheduled_date, service_type, car_id, garage_id) VALUES (38, '2025-05-23', 'Brake Inspection', 5, 10);
INSERT INTO maintenance (id, scheduled_date, service_type, car_id, garage_id) VALUES (39, '2025-01-19', 'Oil Change', 9, 8);
INSERT INTO maintenance (id, scheduled_date, service_type, car_id, garage_id) VALUES (40, '2024-03-23', 'Oil Change', 1, 1);
INSERT INTO maintenance (id, scheduled_date, service_type, car_id, garage_id) VALUES (41, '2025-02-24', 'Oil Change', 9, 9);
INSERT INTO maintenance (id, scheduled_date, service_type, car_id, garage_id) VALUES (42, '2024-08-12', 'Tire Rotation', 10, 4);
INSERT INTO maintenance (id, scheduled_date, service_type, car_id, garage_id) VALUES (43, '2024-12-06', 'Brake Inspection', 9, 8);
INSERT INTO maintenance (id, scheduled_date, service_type, car_id, garage_id) VALUES (44, '2024-06-09', 'Oil Change', 17, 5);
INSERT INTO maintenance (id, scheduled_date, service_type, car_id, garage_id) VALUES (45, '2024-06-25', 'Brake Inspection', 10, 9);
INSERT INTO maintenance (id, scheduled_date, service_type, car_id, garage_id) VALUES (46, '2024-08-01', 'Engine Tune-Up', 9, 2);
INSERT INTO maintenance (id, scheduled_date, service_type, car_id, garage_id) VALUES (47, '2024-11-29', 'Oil Change', 5, 1);
INSERT INTO maintenance (id, scheduled_date, service_type, car_id, garage_id) VALUES (48, '2024-09-14', 'Tire Rotation', 3, 1);
INSERT INTO maintenance (id, scheduled_date, service_type, car_id, garage_id) VALUES (49, '2025-08-25', 'Tire Rotation', 4, 6);
INSERT INTO maintenance (id, scheduled_date, service_type, car_id, garage_id) VALUES (50, '2025-11-18', 'Tire Rotation', 15, 7);